bike_type,total_cost,records,unique_bikes,avg_cost
classic,5496.39,67,34,82.03567164179105
electric,13988.039999999999,125,40,111.90432
